state,x,y
Alabama,139,87
Alaska,-204,224
Arizona,-203,67
Arkansas,57,96
California,-297,156
Colorado,-112,158
Connecticut,297,96
Delaware,275,94
Florida,220,-93
Georgia,194,19
Hawaii,-317,-143
Idaho,-216,191
Illinois,95,160
Indiana,133,158
Iowa,53,182
Kansas,-19,123
Kentucky,149,105
Louisiana,59,-7
Maine,319,164
Maryland,275,65
Massachusetts,312,124
Michigan,148,200
Minnesota,23,233
Mississippi,94,13
Missouri,44,140
Montana,-141,234
Nebraska,-61,182
Nevada,-260,139
New Hampshire,311,149
New Jersey,282,79
New Mexico,-128,80
New York,268,142
North Carolina,245,50
North Dakota,-44,272
Ohio,175,134
Oklahoma,-13,72
Oregon,-278,210
Pennsylvania,240,113
Rhode Island,321,112
South Carolina,261,20
South Dakota,-19,229
Tennessee,133,61
Texas,-38,7
Utah,-189,153
Vermont,290,172
Virginia,264,44
Washington,-257,260
West Virginia,205,84
Wisconsin,72,225
Wyoming,-128,208